,mean_diffs,mean_diffs,num_neurons,num_neurons,test_overall_acc,test_overall_acc,train_overall_acc,train_overall_acc,validation_overall_acc,validation_overall_acc
experiment,exp0090_politica_1_oracle_1m1l,exp0090_politica_1_oracle_1m1l_nosbss,exp0090_politica_1_oracle_1m1l,exp0090_politica_1_oracle_1m1l_nosbss,exp0090_politica_1_oracle_1m1l,exp0090_politica_1_oracle_1m1l_nosbss,exp0090_politica_1_oracle_1m1l,exp0090_politica_1_oracle_1m1l_nosbss,exp0090_politica_1_oracle_1m1l,exp0090_politica_1_oracle_1m1l_nosbss
policy,,,,,,,,,,
0.01_smallest_mean_dist_holdout,0.00027095370370369026,0.000762312499999966,33.55555555555556,48.170138888888886,0.8371929930555555,0.8031443055555555,0.8758927916666667,0.8246762673611111,0.8759034305555555,0.8245740902777778
holdout,0.026970407407407363,0.03301655555555552,71.63194444444444,74.64583333333333,0.8646277291666666,0.8282907430555555,0.9079316805555556,0.8381261076388888,0.9044588194444445,0.8601287326388889
oracle,0.026146199074074027,0.028785740740740702,41.75694444444444,46.10069444444444,0.909263232638889,0.8829495381944444,0.8670446458333333,0.8132514965277777,0.8787457222222222,0.833731875
smallest_euclidian_holdout_test_utopic,0.02820021990740736,0.02906643981481477,68.73263888888889,71.82291666666667,0.9021090902777777,0.8768199375000001,0.8990551805555556,0.8337247604166667,0.8958232361111111,0.8532626423611112
validation,0.03577675231481477,0.04991794907407403,46.052083333333336,60.28472222222222,0.8527787708333334,0.8182146631944445,0.8705680034722223,0.8176746979166667,0.9217146805555555,0.8894427187499999
